test_name,past_failures,code_changes,execution_time,failed
test_case_0,3,11,3,0
test_case_1,0,1,8,0
test_case_2,2,18,11,1
test_case_3,1,19,7,0
test_case_4,0,16,6,0
test_case_5,2,2,12,0
test_case_6,1,14,5,0
test_case_7,3,10,10,0
test_case_8,1,13,6,0
test_case_9,2,19,8,1
test_case_10,3,8,3,0
test_case_11,3,13,11,0
test_case_12,1,9,7,0
test_case_13,4,18,9,1
test_case_14,2,9,3,0
test_case_15,0,9,5,0
test_case_16,3,17,4,0
test_case_17,4,1,2,0
test_case_18,1,6,3,0
test_case_19,5,7,5,0
test_case_20,2,16,11,0
test_case_21,3,15,8,0
test_case_22,3,9,11,0
test_case_23,0,0,11,0
test_case_24,2,14,2,0
test_case_25,5,20,15,1
test_case_26,4,18,2,0
test_case_27,0,12,13,0
test_case_28,5,2,12,0
test_case_29,1,16,13,0
test_case_30,0,8,12,0
test_case_31,2,2,1,0
test_case_32,1,14,1,0
test_case_33,1,19,14,1
test_case_34,1,10,15,0
test_case_35,2,18,10,1
test_case_36,1,16,2,0
test_case_37,1,19,8,0
test_case_38,5,9,3,0
test_case_39,0,4,4,0
test_case_40,4,14,5,0
test_case_41,2,7,10,0
test_case_42,1,0,6,0
test_case_43,0,18,5,0
test_case_44,5,18,12,1
test_case_45,1,0,2,0
test_case_46,0,5,6,0
test_case_47,1,18,11,1
test_case_48,5,6,6,0
test_case_49,5,2,15,0
test_case_50,2,14,6,0
test_case_51,0,13,9,0
test_case_52,0,5,5,0
test_case_53,1,9,15,0
test_case_54,2,16,6,0
test_case_55,1,6,13,0
test_case_56,2,13,6,0
test_case_57,1,5,11,0
test_case_58,3,17,11,1
test_case_59,2,0,15,0
test_case_60,3,9,11,0
test_case_61,4,16,15,1
test_case_62,2,0,9,0
test_case_63,0,0,7,0
test_case_64,0,0,5,0
test_case_65,4,0,10,0
test_case_66,5,19,4,1
test_case_67,0,7,1,0
test_case_68,1,1,9,0
test_case_69,2,14,8,0
test_case_70,0,14,12,0
test_case_71,5,7,12,0
test_case_72,5,14,8,1
test_case_73,3,4,8,0
test_case_74,5,20,4,1
test_case_75,5,10,8,0
test_case_76,4,13,3,0
test_case_77,2,4,8,0
test_case_78,1,10,5,0
test_case_79,4,16,8,1
test_case_80,3,6,9,0
test_case_81,5,6,4,0
test_case_82,1,4,15,0
test_case_83,4,15,9,1
test_case_84,4,10,8,0
test_case_85,1,19,1,0
test_case_86,4,15,3,0
test_case_87,1,3,2,0
test_case_88,2,20,12,1
test_case_89,3,5,9,0
test_case_90,5,3,8,0
test_case_91,2,10,13,0
test_case_92,0,11,5,0
test_case_93,4,18,4,1
test_case_94,0,8,10,0
test_case_95,1,9,15,0
test_case_96,5,20,6,1
test_case_97,3,8,1,0
test_case_98,0,18,6,0
test_case_99,5,8,6,0
test_case_100,5,0,4,0
test_case_101,5,20,11,1
test_case_102,2,0,7,0
test_case_103,2,17,1,0
test_case_104,5,7,6,0
test_case_105,2,16,5,0
test_case_106,5,13,9,1
test_case_107,5,7,8,0
test_case_108,4,13,8,0
test_case_109,2,11,1,0
test_case_110,0,18,1,0
test_case_111,4,6,1,0
test_case_112,3,5,6,0
test_case_113,5,14,15,1
test_case_114,2,19,15,1
test_case_115,4,17,6,1
test_case_116,5,8,12,0
test_case_117,5,20,10,1
test_case_118,4,7,1,0
test_case_119,0,17,5,0
test_case_120,5,10,10,0
test_case_121,3,4,7,0
test_case_122,0,17,13,0
test_case_123,1,3,9,0
test_case_124,2,4,11,0
test_case_125,0,5,2,0
test_case_126,2,13,1,0
test_case_127,1,9,2,0
test_case_128,0,1,3,0
test_case_129,1,2,8,0
test_case_130,5,5,15,0
test_case_131,3,0,12,0
test_case_132,3,9,13,0
test_case_133,4,17,3,0
test_case_134,3,15,5,0
test_case_135,4,2,1,0
test_case_136,4,6,11,0
test_case_137,3,12,5,0
test_case_138,1,17,4,0
test_case_139,5,4,11,0
test_case_140,1,7,8,0
test_case_141,2,10,11,0
test_case_142,1,2,15,0
test_case_143,2,4,8,0
test_case_144,1,3,1,0
test_case_145,4,12,2,0
test_case_146,5,4,15,0
test_case_147,0,3,6,0
test_case_148,0,7,4,0
test_case_149,1,2,9,0
test_case_150,0,8,15,0
test_case_151,3,7,8,0
test_case_152,1,0,7,0
test_case_153,4,20,15,1
test_case_154,4,7,2,0
test_case_155,1,18,15,1
test_case_156,0,0,10,0
test_case_157,3,15,14,1
test_case_158,0,15,1,0
test_case_159,3,6,14,0
test_case_160,3,8,15,0
test_case_161,2,0,8,0
test_case_162,3,20,9,1
test_case_163,5,18,14,1
test_case_164,2,6,3,0
test_case_165,0,3,11,0
test_case_166,1,8,13,0
test_case_167,3,14,11,0
test_case_168,4,20,9,1
test_case_169,1,5,6,0
test_case_170,5,7,9,0
test_case_171,5,5,14,0
test_case_172,2,13,8,0
test_case_173,3,19,5,1
test_case_174,1,3,5,0
test_case_175,5,14,4,0
test_case_176,2,0,7,0
test_case_177,1,1,13,0
test_case_178,2,5,2,0
test_case_179,3,7,8,0
test_case_180,1,1,15,0
test_case_181,4,9,5,0
test_case_182,5,19,10,1
test_case_183,4,3,7,0
test_case_184,1,14,2,0
test_case_185,0,2,15,0
test_case_186,5,2,7,0
test_case_187,5,2,10,0
test_case_188,0,8,5,0
test_case_189,5,11,14,1
test_case_190,2,15,1,0
test_case_191,3,2,8,0
test_case_192,2,12,1,0
test_case_193,0,0,10,0
test_case_194,3,10,3,0
test_case_195,0,2,15,0
test_case_196,4,1,4,0
test_case_197,2,7,2,0
test_case_198,4,14,1,0
test_case_199,5,12,8,0
test_case_200,2,19,15,1
test_case_201,4,7,5,0
test_case_202,2,12,6,0
test_case_203,1,13,1,0
test_case_204,1,19,3,0
test_case_205,5,6,10,0
test_case_206,4,8,2,0
test_case_207,0,20,8,0
test_case_208,5,7,7,0
test_case_209,3,12,8,0
test_case_210,2,8,11,0
test_case_211,2,8,2,0
test_case_212,1,8,12,0
test_case_213,0,13,1,0
test_case_214,3,16,9,1
test_case_215,4,20,10,1
test_case_216,4,17,1,0
test_case_217,1,10,7,0
test_case_218,3,19,1,0
test_case_219,0,12,10,0
test_case_220,0,15,12,0
test_case_221,2,19,2,0
test_case_222,3,14,5,0
test_case_223,1,16,13,0
test_case_224,5,15,12,1
test_case_225,1,9,5,0
test_case_226,0,20,3,0
test_case_227,4,8,13,0
test_case_228,2,16,4,0
test_case_229,4,18,8,1
test_case_230,1,3,1,0
test_case_231,2,20,12,1
test_case_232,1,15,14,0
test_case_233,0,5,4,0
test_case_234,5,1,10,0
test_case_235,2,18,1,0
test_case_236,2,9,3,0
test_case_237,3,17,1,0
test_case_238,3,10,5,0
test_case_239,2,11,2,0
test_case_240,2,16,9,0
test_case_241,2,1,12,0
test_case_242,3,13,14,1
test_case_243,1,7,3,0
test_case_244,5,8,14,0
test_case_245,0,11,9,0
test_case_246,0,2,12,0
test_case_247,4,1,13,0
test_case_248,2,13,7,0
test_case_249,3,6,13,0
test_case_250,3,3,2,0
test_case_251,0,6,1,0
test_case_252,2,2,4,0
test_case_253,4,3,9,0
test_case_254,5,17,9,1
test_case_255,3,7,14,0
test_case_256,1,8,2,0
test_case_257,1,8,7,0
test_case_258,1,19,3,0
test_case_259,2,0,11,0
test_case_260,4,18,8,1
test_case_261,2,3,10,0
test_case_262,0,17,15,1
test_case_263,1,17,8,0
test_case_264,3,11,8,0
test_case_265,4,2,1,0
test_case_266,0,18,7,0
test_case_267,3,2,11,0
test_case_268,2,1,5,0
test_case_269,0,4,2,0
test_case_270,0,12,2,0
test_case_271,4,4,6,0
test_case_272,4,11,3,0
test_case_273,4,2,5,0
test_case_274,2,13,9,0
test_case_275,3,10,7,0
test_case_276,0,10,3,0
test_case_277,5,18,12,1
test_case_278,1,6,1,0
test_case_279,1,2,6,0
test_case_280,5,3,8,0
test_case_281,1,20,8,1
test_case_282,3,19,13,1
test_case_283,0,9,10,0
test_case_284,2,1,13,0
test_case_285,1,20,8,1
test_case_286,2,1,9,0
test_case_287,0,7,6,0
test_case_288,2,5,2,0
test_case_289,0,20,15,1
test_case_290,2,7,1,0
test_case_291,0,20,2,0
test_case_292,0,14,2,0
test_case_293,0,11,6,0
test_case_294,4,19,5,1
test_case_295,5,17,4,1
test_case_296,0,13,15,0
test_case_297,3,17,12,1
test_case_298,4,9,8,0
test_case_299,1,7,10,0
test_case_300,1,11,6,0
test_case_301,3,5,13,0
test_case_302,1,3,14,0
test_case_303,5,4,10,0
test_case_304,5,8,10,0
test_case_305,2,1,3,0
test_case_306,5,9,12,0
test_case_307,5,5,10,0
test_case_308,5,1,12,0
test_case_309,1,17,4,0
test_case_310,0,0,13,0
test_case_311,4,0,1,0
test_case_312,0,8,1,0
test_case_313,4,11,8,0
test_case_314,3,5,15,0
test_case_315,5,0,13,0
test_case_316,4,2,3,0
test_case_317,2,6,12,0
test_case_318,0,0,9,0
test_case_319,4,0,15,0
test_case_320,0,17,11,0
test_case_321,3,13,13,0
test_case_322,4,16,14,1
test_case_323,0,11,6,0
test_case_324,5,17,3,1
test_case_325,1,17,13,1
test_case_326,1,11,11,0
test_case_327,1,16,6,0
test_case_328,4,17,15,1
test_case_329,2,4,6,0
test_case_330,3,9,11,0
test_case_331,3,10,2,0
test_case_332,3,4,10,0
test_case_333,2,7,11,0
test_case_334,2,16,3,0
test_case_335,0,3,7,0
test_case_336,0,9,8,0
test_case_337,5,20,4,1
test_case_338,0,17,10,0
test_case_339,2,7,10,0
test_case_340,1,18,6,0
test_case_341,0,14,2,0
test_case_342,3,12,6,0
test_case_343,0,18,8,0
test_case_344,5,11,1,0
test_case_345,1,20,2,0
test_case_346,0,17,6,0
test_case_347,0,11,4,0
test_case_348,4,17,10,1
test_case_349,2,13,15,0
test_case_350,4,12,14,1
test_case_351,0,17,15,1
test_case_352,3,0,6,0
test_case_353,2,2,13,0
test_case_354,4,15,1,0
test_case_355,3,1,15,0
test_case_356,5,9,8,0
test_case_357,5,0,6,0
test_case_358,0,2,9,0
test_case_359,1,11,14,0
test_case_360,3,7,5,0
test_case_361,3,16,14,1
test_case_362,0,1,10,0
test_case_363,4,15,11,1
test_case_364,0,17,11,0
test_case_365,2,10,6,0
test_case_366,2,20,7,1
test_case_367,3,7,8,0
test_case_368,2,19,10,1
test_case_369,4,13,4,0
test_case_370,2,9,2,0
test_case_371,5,5,10,0
test_case_372,3,18,5,0
test_case_373,1,2,15,0
test_case_374,1,0,11,0
test_case_375,1,20,14,1
test_case_376,0,17,6,0
test_case_377,1,4,1,0
test_case_378,0,3,5,0
test_case_379,3,13,14,1
test_case_380,5,14,3,0
test_case_381,5,19,10,1
test_case_382,0,0,11,0
test_case_383,0,4,4,0
test_case_384,4,1,3,0
test_case_385,0,14,2,0
test_case_386,4,17,13,1
test_case_387,1,11,7,0
test_case_388,4,7,14,0
test_case_389,3,7,7,0
test_case_390,2,14,3,0
test_case_391,2,17,11,1
test_case_392,1,3,13,0
test_case_393,4,18,7,1
test_case_394,3,17,15,1
test_case_395,1,19,7,0
test_case_396,1,12,7,0
test_case_397,1,14,9,0
test_case_398,3,20,14,1
test_case_399,2,12,14,0
test_case_400,3,15,2,0
test_case_401,5,10,9,0
test_case_402,1,1,1,0
test_case_403,5,17,14,1
test_case_404,1,2,1,0
test_case_405,1,11,2,0
test_case_406,1,10,8,0
test_case_407,5,19,14,1
test_case_408,4,8,12,0
test_case_409,3,16,15,1
test_case_410,3,18,1,0
test_case_411,2,16,7,0
test_case_412,3,15,7,0
test_case_413,0,19,14,1
test_case_414,0,9,11,0
test_case_415,0,6,8,0
test_case_416,5,14,1,0
test_case_417,5,7,10,0
test_case_418,3,19,11,1
test_case_419,3,17,5,0
test_case_420,0,13,11,0
test_case_421,1,7,1,0
test_case_422,3,1,1,0
test_case_423,2,5,2,0
test_case_424,4,6,3,0
test_case_425,2,9,1,0
test_case_426,1,0,8,0
test_case_427,4,10,13,0
test_case_428,1,3,11,0
test_case_429,0,18,15,1
test_case_430,1,2,14,0
test_case_431,1,7,12,0
test_case_432,4,11,5,0
test_case_433,1,13,9,0
test_case_434,0,2,5,0
test_case_435,5,1,4,0
test_case_436,2,3,10,0
test_case_437,1,15,10,0
test_case_438,0,11,9,0
test_case_439,2,7,3,0
test_case_440,2,4,9,0
test_case_441,5,3,13,0
test_case_442,2,19,2,0
test_case_443,3,19,6,1
test_case_444,3,3,11,0
test_case_445,4,4,9,0
test_case_446,2,19,6,0
test_case_447,1,2,3,0
test_case_448,4,9,15,0
test_case_449,5,15,4,0
test_case_450,0,10,8,0
test_case_451,2,13,15,0
test_case_452,5,17,12,1
test_case_453,4,6,6,0
test_case_454,2,2,5,0
test_case_455,3,5,9,0
test_case_456,1,0,9,0
test_case_457,0,20,7,0
test_case_458,1,2,9,0
test_case_459,1,20,8,1
test_case_460,3,0,13,0
test_case_461,5,20,11,1
test_case_462,0,9,11,0
test_case_463,2,10,14,0
test_case_464,1,5,14,0
test_case_465,4,9,14,0
test_case_466,5,16,8,1
test_case_467,4,10,7,0
test_case_468,4,18,14,1
test_case_469,3,17,6,0
test_case_470,1,7,8,0
test_case_471,1,5,3,0
test_case_472,1,4,13,0
test_case_473,3,0,15,0
test_case_474,5,12,8,0
test_case_475,4,13,10,0
test_case_476,4,15,4,0
test_case_477,5,12,2,0
test_case_478,4,16,8,1
test_case_479,3,13,7,0
test_case_480,4,9,7,0
test_case_481,4,19,15,1
test_case_482,3,0,6,0
test_case_483,1,14,3,0
test_case_484,4,0,12,0
test_case_485,5,4,1,0
test_case_486,1,10,3,0
test_case_487,5,13,7,0
test_case_488,0,10,2,0
test_case_489,2,17,10,1
test_case_490,0,20,13,1
test_case_491,5,6,8,0
test_case_492,4,9,2,0
test_case_493,2,3,14,0
test_case_494,4,1,9,0
test_case_495,2,2,2,0
test_case_496,3,3,3,0
test_case_497,3,9,3,0
test_case_498,3,17,14,1
test_case_499,4,17,3,0
